,Unnamed: 0,copy,fasta,binEdges,RgHist,RgStart,RgEnd,RMSF,negativeFasta,positiveFasta,negativepH,positivepH
0,0,0,MGTESGDPEEEELEEEEELVDPLETTVREQCEQLDEKCVKARERLEELCDERVSSRQSHTEEDCTEEKLFDFLHARDHMCVAHKLFNNLLK,"[12.32581267 12.85619939 13.38658611 ... 16.56890641 17.09929312
 17.62967984]",12.856199391193837,17.629679838686425,13.458849863311956,6.301747363534267,31.549450549450547,11.967032967032967,-0.052513823529411766,0.6387256176470587
1,1,1,MGTESGDPEEEELEEEEELVDPLETTVREQCEQLDEKCVKARERLEELCDERVSSRQSHTEEDCTEEKLFDFLHARDHMCVAHKLFNNLLK,"[12.29147095 12.82955293 13.36763491 ... 16.59612681 17.13420879
 17.67229078]",12.829552930752072,17.672290776470067,12.47642832892017,5.4125548072335326,31.549450549450547,11.967032967032967,-0.052513823529411766,0.6387256176470587
2,2,2,MGTESGDPEEEELEEEEELVDPLETTVREQCEQLDEKCVKARERLEELCDERVSSRQSHTEEDCTEEKLFDFLHARDHMCVAHKLFNNLLK,"[12.71800945 13.20682315 13.69563685 ... 16.62851905 17.11733275
 17.60614646]",13.206823152801077,17.60614645516405,14.193895533801427,5.673625873708863,31.549450549450547,11.967032967032967,-0.052513823529411766,0.6387256176470587
3,3,3,MGTESGDPEEEELEEEEELVDPLETTVREQCEQLDEKCVKARERLEELCDERVSSRQSHTEEDCTEEKLFDFLHARDHMCVAHKLFNNLLK,"[12.75623595 13.24278813 13.72934032 ... 16.64865346 17.13520564
 17.62175783]",13.242788133830087,17.62175783321398,13.790629468275242,3.9420183608310384,31.549450549450547,11.967032967032967,-0.052513823529411766,0.6387256176470587
4,4,4,MGTESGDPEEEELEEEEELVDPLETTVREQCEQLDEKCVKARERLEELCDERVSSRQSHTEEDCTEEKLFDFLHARDHMCVAHKLFNNLLK,"[13.18693694 13.63352528 14.08011363 ... 16.75964368 17.20623203
 17.65282037]",14.080113625435462,17.652820368264674,15.384474397744418,5.6770539626306675,31.549450549450547,11.967032967032967,-0.052513823529411766,0.6387256176470587
5,5,5,MGTESGDPEEEELEEEEELVDPLETTVREQCEQLDEKCVKARERLEELCDERVSSRQSHTEEDCTEEKLFDFLHARDHMCVAHKLFNNLLK,"[12.74943758 13.24866014 13.74788271 ... 16.7432181  17.24244067
 17.74166323]",13.24866014211976,17.741663233826735,14.470545534863605,6.086380347916572,31.549450549450547,11.967032967032967,-0.052513823529411766,0.6387256176470587
6,6,6,MGTESGDPEEEELEEEEELVDPLETTVREQCEQLDEKCVKARERLEELCDERVSSRQSHTEEDCTEEKLFDFLHARDHMCVAHKLFNNLLK,"[12.96876932 13.449356   13.92994267 ... 16.81346271 17.29404938
 17.77463605]",13.449355997298314,17.774636051025,13.866620528657856,5.126629430834312,31.549450549450547,11.967032967032967,-0.052513823529411766,0.6387256176470587
7,7,7,MGTESGDPEEEELEEEEELVDPLETTVREQCEQLDEKCVKARERLEELCDERVSSRQSHTEEDCTEEKLFDFLHARDHMCVAHKLFNNLLK,"[12.97182931 13.44498722 13.91814513 ... 16.75709261 17.23025052
 17.70340843]",14.391303043393302,17.703408429801023,15.12190713126941,4.502319237692787,31.549450549450547,11.967032967032967,-0.052513823529411766,0.6387256176470587
8,8,8,MGTESGDPEEEELEEEEELVDPLETTVREQCEQLDEKCVKARERLEELCDERVSSRQSHTEEDCTEEKLFDFLHARDHMCVAHKLFNNLLK,"[12.79012525 13.27298784 13.75585043 ... 16.65302598 17.13588857
 17.61875116]",13.755850433909526,17.6187511648405,14.252582123824208,4.795520092937712,31.549450549450547,11.967032967032967,-0.052513823529411766,0.6387256176470587
9,9,9,MGTESGDPEEEELEEEEELVDPLETTVREQCEQLDEKCVKARERLEELCDERVSSRQSHTEEDCTEEKLFDFLHARDHMCVAHKLFNNLLK,"[12.54383924 13.05824115 13.57264306 ... 16.65905451 17.17345642
 17.68785832]",13.058241149173494,17.687858323587015,13.395950893576147,5.77398668340369,31.549450549450547,11.967032967032967,-0.052513823529411766,0.6387256176470587
10,10,10,MGTESGDPEEEELEEEEELVDPLETTVREQCEQLDEKCVKARERLEELCDERVSSRQSHTEEDCTEEKLFDFLHARDHMCVAHKLFNNLLK,"[13.30804907 13.74981103 14.19157299 ... 16.84214476 17.28390672
 17.72566868]",14.191572990311274,17.72566868168093,14.500778293787393,4.641719117909079,31.549450549450547,11.967032967032967,-0.052513823529411766,0.6387256176470587
11,11,11,MGTESGDPEEEELEEEEELVDPLETTVREQCEQLDEKCVKARERLEELCDERVSSRQSHTEEDCTEEKLFDFLHARDHMCVAHKLFNNLLK,"[12.28536852 12.82566272 13.36595692 ... 16.60772212 17.14801633
 17.68831053]",12.825662719082535,17.68831052648736,13.125841438150331,5.364745753596368,31.549450549450547,11.967032967032967,-0.052513823529411766,0.6387256176470587
12,12,12,MGTESGDPEEEELEEEEELVDPLETTVREQCEQLDEKCVKARERLEELCDERVSSRQSHTEEDCTEEKLFDFLHARDHMCVAHKLFNNLLK,"[12.79597677 13.27732934 13.75868192 ... 16.64679738 17.12814996
 17.60950254]",14.240034497431092,17.609502539767227,14.487820858910364,4.593251530494761,31.549450549450547,11.967032967032967,-0.052513823529411766,0.6387256176470587
13,13,13,MGTESGDPEEEELEEEEELVDPLETTVREQCEQLDEKCVKARERLEELCDERVSSRQSHTEEDCTEEKLFDFLHARDHMCVAHKLFNNLLK,"[13.22560658 13.66884086 14.11207514 ... 16.77148081 17.21471508
 17.65794936]",14.112075137454806,17.657949361946088,14.004426056838332,3.639960942177293,31.549450549450547,11.967032967032967,-0.052513823529411766,0.6387256176470587
14,14,14,MGTESGDPEEEELEEEEELVDPLETTVREQCEQLDEKCVKARERLEELCDERVSSRQSHTEEDCTEEKLFDFLHARDHMCVAHKLFNNLLK,"[12.52558348 13.04600436 13.56642525 ... 16.68895058 17.20937147
 17.72979236]",12.525583475347656,17.72979235516202,13.000565335750313,5.202273149620766,31.549450549450547,11.967032967032967,-0.052513823529411766,0.6387256176470587
15,15,15,MGTESGDPEEEELEEEEELVDPLETTVREQCEQLDEKCVKARERLEELCDERVSSRQSHTEEDCTEEKLFDFLHARDHMCVAHKLFNNLLK,"[12.97838869 13.44157994 13.9047712  ... 16.68391874 17.14711
 17.61030125]",13.441579944551494,17.610301254478934,13.569950615239156,4.056084841325301,31.549450549450547,11.967032967032967,-0.052513823529411766,0.6387256176470587
16,16,16,MGTESGDPEEEELEEEEELVDPLETTVREQCEQLDEKCVKARERLEELCDERVSSRQSHTEEDCTEEKLFDFLHARDHMCVAHKLFNNLLK,"[13.4311367  13.85627454 14.28141239 ... 16.83223945 17.25737729
 17.68251514]",14.281412386954155,17.682515136007744,13.919281486357741,4.740726468914191,31.549450549450547,11.967032967032967,-0.052513823529411766,0.6387256176470587
17,17,17,MGTESGDPEEEELEEEEELVDPLETTVREQCEQLDEKCVKARERLEELCDERVSSRQSHTEEDCTEEKLFDFLHARDHMCVAHKLFNNLLK,"[12.65789369 13.15890799 13.6599223  ... 16.66600813 17.16702243
 17.66803674]",13.158907991189134,17.668036736029098,13.310208500560732,5.009678564252615,31.549450549450547,11.967032967032967,-0.052513823529411766,0.6387256176470587
18,18,18,MGTESGDPEEEELEEEEELVDPLETTVREQCEQLDEKCVKARERLEELCDERVSSRQSHTEEDCTEEKLFDFLHARDHMCVAHKLFNNLLK,"[12.84232498 13.33212876 13.82193254 ... 16.7607552  17.25055898
 17.74036276]",13.332128761553891,17.740362758049187,13.343494021899927,4.697877675647992,31.549450549450547,11.967032967032967,-0.052513823529411766,0.6387256176470587
19,19,19,MGTESGDPEEEELEEEEELVDPLETTVREQCEQLDEKCVKARERLEELCDERVSSRQSHTEEDCTEEKLFDFLHARDHMCVAHKLFNNLLK,"[13.4097766  13.83116393 14.25255127 ... 16.78087527 17.20226261
 17.62364994]",14.252551265279243,17.62364993984602,14.766724687163078,5.145767126432887,31.549450549450547,11.967032967032967,-0.052513823529411766,0.6387256176470587
20,20,20,MGTESGDPEEEELEEEEELVDPLETTVREQCEQLDEKCVKARERLEELCDERVSSRQSHTEEDCTEEKLFDFLHARDHMCVAHKLFNNLLK,"[12.92443138 13.39506667 13.86570195 ... 16.68951365 17.16014893
 17.63078421]",13.395066667886054,17.630784214115536,14.557589040991758,5.21403979732306,31.549450549450547,11.967032967032967,-0.052513823529411766,0.6387256176470587
21,21,21,MGTESGDPEEEELEEEEELVDPLETTVREQCEQLDEKCVKARERLEELCDERVSSRQSHTEEDCTEEKLFDFLHARDHMCVAHKLFNNLLK,"[12.7708085  13.26053841 13.75026833 ... 16.68864783 17.17837775
 17.66810767]",13.260538413313649,17.66810766544058,14.011329292549656,5.260164703371786,31.549450549450547,11.967032967032967,-0.052513823529411766,0.6387256176470587
22,22,22,MGTESGDPEEEELEEEEELVDPLETTVREQCEQLDEKCVKARERLEELCDERVSSRQSHTEEDCTEEKLFDFLHARDHMCVAHKLFNNLLK,"[12.66629203 13.1637484  13.66120477 ... 16.64594299 17.14339935
 17.64085572]",13.163748395645035,17.64085572490159,14.610980952210028,5.435700774700649,31.549450549450547,11.967032967032967,-0.052513823529411766,0.6387256176470587
23,23,23,MGTESGDPEEEELEEEEELVDPLETTVREQCEQLDEKCVKARERLEELCDERVSSRQSHTEEDCTEEKLFDFLHARDHMCVAHKLFNNLLK,"[13.35668608 13.80919098 14.26169587 ... 16.97672522 17.42923011
 17.881735  ]",13.80919097525179,17.88173500172438,13.676366618081332,4.820104471608567,31.549450549450547,11.967032967032967,-0.052513823529411766,0.6387256176470587
24,24,24,MGTESGDPEEEELEEEEELVDPLETTVREQCEQLDEKCVKARERLEELCDERVSSRQSHTEEDCTEEKLFDFLHARDHMCVAHKLFNNLLK,"[12.6197042  13.18986479 13.76002538 ... 17.18098893 17.75114952
 18.32131011]",13.189864791966246,17.799836667059125,13.34064606632358,6.513627490001122,31.549450549450547,11.967032967032967,-0.052513823529411766,0.6387256176470587
25,25,25,MGTESGDPEEEELEEEEELVDPLETTVREQCEQLDEKCVKARERLEELCDERVSSRQSHTEEDCTEEKLFDFLHARDHMCVAHKLFNNLLK,"[12.96018781 13.43500166 13.9098155  ... 16.7586986  17.23351244
 17.70832629]",13.435001655667676,17.708326293460782,13.860769134075445,4.9392635694305005,31.549450549450547,11.967032967032967,-0.052513823529411766,0.6387256176470587
26,26,26,MGTESGDPEEEELEEEEELVDPLETTVREQCEQLDEKCVKARERLEELCDERVSSRQSHTEEDCTEEKLFDFLHARDHMCVAHKLFNNLLK,"[12.52587539 13.03787456 13.54987373 ... 16.62186878 17.13386795
 17.64586712]",13.549873732816474,17.64586712395339,13.726497876249125,9.08859718990751,31.549450549450547,11.967032967032967,-0.052513823529411766,0.6387256176470587
27,27,27,MGTESGDPEEEELEEEEELVDPLETTVREQCEQLDEKCVKARERLEELCDERVSSRQSHTEEDCTEEKLFDFLHARDHMCVAHKLFNNLLK,"[12.95767662 13.41804996 13.8784233  ... 16.64066331 17.10103665
 17.56140999]",13.418049958702573,17.561409988166446,13.928978146746015,4.282424946848844,31.549450549450547,11.967032967032967,-0.052513823529411766,0.6387256176470587
28,28,28,MGTESGDPEEEELEEEEELVDPLETTVREQCEQLDEKCVKARERLEELCDERVSSRQSHTEEDCTEEKLFDFLHARDHMCVAHKLFNNLLK,"[12.41048874 12.93462927 13.4587698  ... 16.60361298 17.12775351
 17.65189404]",12.934629273688836,17.65189404278519,13.438989758929546,6.068056234697624,31.549450549450547,11.967032967032967,-0.052513823529411766,0.6387256176470587
29,29,29,MGTESGDPEEEELEEEEELVDPLETTVREQCEQLDEKCVKARERLEELCDERVSSRQSHTEEDCTEEKLFDFLHARDHMCVAHKLFNNLLK,"[12.6598693  13.16318052 13.66649173 ... 16.68635902 17.18967024
 17.69298145]",13.666491731258185,17.692981454124844,13.714118656853636,4.1890152793613336,31.549450549450547,11.967032967032967,-0.052513823529411766,0.6387256176470587
30,30,30,MGTESGDPEEEELEEEEELVDPLETTVREQCEQLDEKCVKARERLEELCDERVSSRQSHTEEDCTEEKLFDFLHARDHMCVAHKLFNNLLK,"[12.37087347 12.89796984 13.42506621 ... 16.58764441 17.11474078
 17.64183715]",13.952162574169547,17.641837147792216,14.158121188860848,4.72198062291445,31.549450549450547,11.967032967032967,-0.052513823529411766,0.6387256176470587
31,31,31,MGTESGDPEEEELEEEEELVDPLETTVREQCEQLDEKCVKARERLEELCDERVSSRQSHTEEDCTEEKLFDFLHARDHMCVAHKLFNNLLK,"[12.72477927 13.22773144 13.73068361 ... 16.74839666 17.25134884
 17.75430101]",13.730683614504914,17.754301011071227,14.185732615133267,4.429501629416088,31.549450549450547,11.967032967032967,-0.052513823529411766,0.6387256176470587
32,32,32,MGTESGDPEEEELEEEEELVDPLETTVREQCEQLDEKCVKARERLEELCDERVSSRQSHTEEDCTEEKLFDFLHARDHMCVAHKLFNNLLK,"[12.41304654 12.9428321  13.47261765 ... 16.651331   17.18111655
 17.71090211]",12.942832096541949,17.71090211065429,13.896513534793675,6.54365710823697,31.549450549450547,11.967032967032967,-0.052513823529411766,0.6387256176470587
33,33,33,MGTESGDPEEEELEEEEELVDPLETTVREQCEQLDEKCVKARERLEELCDERVSSRQSHTEEDCTEEKLFDFLHARDHMCVAHKLFNNLLK,"[12.1916481  12.73174579 13.27184347 ... 16.51242956 17.05252725
 17.59262493]",12.731745785122664,17.59262492968227,13.000317370293688,5.368356969426017,31.549450549450547,11.967032967032967,-0.052513823529411766,0.6387256176470587
34,34,34,MGTESGDPEEEELEEEEELVDPLETTVREQCEQLDEKCVKARERLEELCDERVSSRQSHTEEDCTEEKLFDFLHARDHMCVAHKLFNNLLK,"[12.70477347 13.20253103 13.70028858 ... 16.6868339  17.18459145
 17.68234901]",13.202531026068304,17.682349006165577,13.365184759681581,3.7824271649092576,31.549450549450547,11.967032967032967,-0.052513823529411766,0.6387256176470587
35,35,35,MGTESGDPEEEELEEEEELVDPLETTVREQCEQLDEKCVKARERLEELCDERVSSRQSHTEEDCTEEKLFDFLHARDHMCVAHKLFNNLLK,"[12.59229245 13.099165   13.60603755 ... 16.64727285 17.15414541
 17.66101796]",13.099164998415132,17.661017955929967,12.938151363689256,4.80652465448712,31.549450549450547,11.967032967032967,-0.052513823529411766,0.6387256176470587
36,36,36,MGTESGDPEEEELEEEEELVDPLETTVREQCEQLDEKCVKARERLEELCDERVSSRQSHTEEDCTEEKLFDFLHARDHMCVAHKLFNNLLK,"[13.01240743 13.48161086 13.95081429 ... 16.76603487 17.2352383
 17.70444173]",13.012407426552715,17.704441727616793,13.245995976922407,3.8364829532934044,31.549450549450547,11.967032967032967,-0.052513823529411766,0.6387256176470587
37,37,37,MGTESGDPEEEELEEEEELVDPLETTVREQCEQLDEKCVKARERLEELCDERVSSRQSHTEEDCTEEKLFDFLHARDHMCVAHKLFNNLLK,"[12.17837944 12.7194449  13.26051035 ... 16.50690309 17.04796854
 17.589034  ]",12.719444897145074,17.589033998441515,13.883492983168322,5.75068660356352,31.549450549450547,11.967032967032967,-0.052513823529411766,0.6387256176470587
38,38,38,MGTESGDPEEEELEEEEELVDPLETTVREQCEQLDEKCVKARERLEELCDERVSSRQSHTEEDCTEEKLFDFLHARDHMCVAHKLFNNLLK,"[13.02836215 13.49186619 13.95537022 ... 16.73639441 17.19989845
 17.66340248]",13.491866185193818,17.663402480205377,13.734847444789256,3.7020654597250027,31.549450549450547,11.967032967032967,-0.052513823529411766,0.6387256176470587
39,39,39,MGTESGDPEEEELEEEEELVDPLETTVREQCEQLDEKCVKARERLEELCDERVSSRQSHTEEDCTEEKLFDFLHARDHMCVAHKLFNNLLK,"[12.90079765 13.37283828 13.84487891 ... 16.67712267 17.1491633
 17.62120392]",13.372838280073418,17.621203924873708,13.702782810054858,4.17182031213023,31.549450549450547,11.967032967032967,-0.052513823529411766,0.6387256176470587
40,40,40,MGTESGDPEEEELEEEEELVDPLETTVREQCEQLDEKCVKARERLEELCDERVSSRQSHTEEDCTEEKLFDFLHARDHMCVAHKLFNNLLK,"[12.57802738 13.08592887 13.59383037 ... 16.64123931 17.1491408
 17.65704229]",13.08592887463573,17.657042292950567,14.533624328047464,4.808737419240325,31.549450549450547,11.967032967032967,-0.052513823529411766,0.6387256176470587
41,41,41,MGTESGDPEEEELEEEEELVDPLETTVREQCEQLDEKCVKARERLEELCDERVSSRQSHTEEDCTEEKLFDFLHARDHMCVAHKLFNNLLK,"[12.99041182 13.45074267 13.91107352 ... 16.67305862 17.13338947
 17.59372032]",13.45074266770734,17.593720320227877,13.742399803084211,4.0418301129157,31.549450549450547,11.967032967032967,-0.052513823529411766,0.6387256176470587
42,42,42,MGTESGDPEEEELEEEEELVDPLETTVREQCEQLDEKCVKARERLEELCDERVSSRQSHTEEDCTEEKLFDFLHARDHMCVAHKLFNNLLK,"[12.73406389 13.2345078  13.73495172 ... 16.7376152  17.23805911
 17.73850302]",14.235395631202412,17.73850302339042,14.092226421163636,3.620532513209405,31.549450549450547,11.967032967032967,-0.052513823529411766,0.6387256176470587
43,43,43,MGTESGDPEEEELEEEEELVDPLETTVREQCEQLDEKCVKARERLEELCDERVSSRQSHTEEDCTEEKLFDFLHARDHMCVAHKLFNNLLK,"[12.4673057  12.97796144 13.48861719 ... 16.55255165 17.06320739
 17.57386313]",12.977961442589688,17.57386313182004,13.751782524110546,5.153597116044137,31.549450549450547,11.967032967032967,-0.052513823529411766,0.6387256176470587
44,44,44,MGTESGDPEEEELEEEEELVDPLETTVREQCEQLDEKCVKARERLEELCDERVSSRQSHTEEDCTEEKLFDFLHARDHMCVAHKLFNNLLK,"[12.82981572 13.31722121 13.8046267  ... 16.72905962 17.21646511
 17.7038706 ]",13.317221207542994,17.703870596971143,13.294402925744507,4.610072488352421,31.549450549450547,11.967032967032967,-0.052513823529411766,0.6387256176470587
45,45,45,MGTESGDPEEEELEEEEELVDPLETTVREQCEQLDEKCVKARERLEELCDERVSSRQSHTEEDCTEEKLFDFLHARDHMCVAHKLFNNLLK,"[12.54040725 13.0482791  13.55615095 ... 16.60338205 17.1112539
 17.61912575]",13.048279101792035,17.619125752853687,12.671033151227185,5.834088603068062,31.549450549450547,11.967032967032967,-0.052513823529411766,0.6387256176470587
46,46,46,MGTESGDPEEEELEEEEELVDPLETTVREQCEQLDEKCVKARERLEELCDERVSSRQSHTEEDCTEEKLFDFLHARDHMCVAHKLFNNLLK,"[13.48218741 13.90260893 14.32303045 ... 16.84555957 17.26598109
 17.68640261]",14.323030447772975,17.686402612427553,14.833996939445898,3.8967412890136455,31.549450549450547,11.967032967032967,-0.052513823529411766,0.6387256176470587
47,47,47,MGTESGDPEEEELEEEEELVDPLETTVREQCEQLDEKCVKARERLEELCDERVSSRQSHTEEDCTEEKLFDFLHARDHMCVAHKLFNNLLK,"[12.60312284 13.10774046 13.61235808 ... 16.6400638  17.14468142
 17.64929904]",13.107740458321876,17.649299039692426,13.210657929976412,5.207712654563874,31.549450549450547,11.967032967032967,-0.052513823529411766,0.6387256176470587
48,48,48,MGTESGDPEEEELEEEEELVDPLETTVREQCEQLDEKCVKARERLEELCDERVSSRQSHTEEDCTEEKLFDFLHARDHMCVAHKLFNNLLK,"[12.49238973 13.00963397 13.52687821 ... 16.63034364 17.14758788
 17.66483212]",13.009633971604993,17.664832117676898,13.268295950633036,5.9844120105017575,31.549450549450547,11.967032967032967,-0.052513823529411766,0.6387256176470587
49,49,49,MGTESGDPEEEELEEEEELVDPLETTVREQCEQLDEKCVKARERLEELCDERVSSRQSHTEEDCTEEKLFDFLHARDHMCVAHKLFNNLLK,"[12.88524676 13.37085108 13.8564554  ... 16.77008131 17.25568563
 17.74128995]",13.370851080350453,17.741289948378828,13.751818658634177,5.373415413636234,31.549450549450547,11.967032967032967,-0.052513823529411766,0.6387256176470587
50,50,50,MGTESGDPEEEELEEEEELVDPLETTVREQCEQLDEKCVKARERLEELCDERVSSRQSHTEEDCTEEKLFDFLHARDHMCVAHKLFNNLLK,"[12.63951684 13.26032022 13.8811236  ... 17.6059439  18.22674728
 18.84755067]",13.260320220331346,17.717700073445165,13.275908217375449,6.625296744957828,31.549450549450547,11.967032967032967,-0.052513823529411766,0.6387256176470587
51,51,51,MGTESGDPEEEELEEEEELVDPLETTVREQCEQLDEKCVKARERLEELCDERVSSRQSHTEEDCTEEKLFDFLHARDHMCVAHKLFNNLLK,"[12.70452421 13.20400095 13.70347769 ... 16.70033813 17.19981487
 17.69929161]",13.703477687020222,17.699291611160806,13.21991493420293,4.647295007597328,31.549450549450547,11.967032967032967,-0.052513823529411766,0.6387256176470587
52,52,52,MGTESGDPEEEELEEEEELVDPLETTVREQCEQLDEKCVKARERLEELCDERVSSRQSHTEEDCTEEKLFDFLHARDHMCVAHKLFNNLLK,"[12.6266474  13.12446016 13.62227292 ... 16.60914948 17.10696224
 17.604775  ]",13.124460158568866,17.604774995352734,13.035318597116838,6.386064303860331,31.549450549450547,11.967032967032967,-0.052513823529411766,0.6387256176470587
53,53,53,MGTESGDPEEEELEEEEELVDPLETTVREQCEQLDEKCVKARERLEELCDERVSSRQSHTEEDCTEEKLFDFLHARDHMCVAHKLFNNLLK,"[12.61803353 13.1268858  13.63573807 ... 16.68885169 17.19770396
 17.70655623]",12.618033528271198,17.706556232490538,13.247784687914407,4.773142430749371,31.549450549450547,11.967032967032967,-0.052513823529411766,0.6387256176470587
54,54,54,MGTESGDPEEEELEEEEELVDPLETTVREQCEQLDEKCVKARERLEELCDERVSSRQSHTEEDCTEEKLFDFLHARDHMCVAHKLFNNLLK,"[12.57731718 13.08491925 13.59252132 ... 16.63813374 17.14573581
 17.65333788]",12.577317180545812,17.653337884015336,13.63225947638638,4.372208885991638,31.549450549450547,11.967032967032967,-0.052513823529411766,0.6387256176470587
55,55,55,MGTESGDPEEEELEEEEELVDPLETTVREQCEQLDEKCVKARERLEELCDERVSSRQSHTEEDCTEEKLFDFLHARDHMCVAHKLFNNLLK,"[12.93168274 13.40306073 13.87443872 ... 16.70270664 17.17408463
 17.64546262]",13.403060728925473,17.645462617766594,13.44172827663306,5.3345883136097925,31.549450549450547,11.967032967032967,-0.052513823529411766,0.6387256176470587
56,56,56,MGTESGDPEEEELEEEEELVDPLETTVREQCEQLDEKCVKARERLEELCDERVSSRQSHTEEDCTEEKLFDFLHARDHMCVAHKLFNNLLK,"[13.53184206 13.94708337 14.36232469 ... 16.85377258 17.2690139
 17.68425522]",13.947083372304327,17.684255216449845,14.131041571605465,5.167819024957433,31.549450549450547,11.967032967032967,-0.052513823529411766,0.6387256176470587
57,57,57,MGTESGDPEEEELEEEEELVDPLETTVREQCEQLDEKCVKARERLEELCDERVSSRQSHTEEDCTEEKLFDFLHARDHMCVAHKLFNNLLK,"[13.25610469 13.69221501 14.12832533 ... 16.74498723 17.18109755
 17.61720786]",14.128325325667443,17.617207863077844,14.890459176545999,4.7481340940845245,31.549450549450547,11.967032967032967,-0.052513823529411766,0.6387256176470587
58,58,58,MGTESGDPEEEELEEEEELVDPLETTVREQCEQLDEKCVKARERLEELCDERVSSRQSHTEEDCTEEKLFDFLHARDHMCVAHKLFNNLLK,"[12.6113528  13.10843546 13.60551812 ... 16.58801409 17.08509676
 17.58217942]",13.108435463162044,17.582179416556254,12.928452425538016,5.797330854676394,31.549450549450547,11.967032967032967,-0.052513823529411766,0.6387256176470587
59,59,59,MGTESGDPEEEELEEEEELVDPLETTVREQCEQLDEKCVKARERLEELCDERVSSRQSHTEEDCTEEKLFDFLHARDHMCVAHKLFNNLLK,"[12.52195844 13.03274342 13.5435284  ... 16.60823828 17.11902326
 17.62980824]",13.543528402081606,17.629808243764067,13.687800857496445,6.047865764345873,31.549450549450547,11.967032967032967,-0.052513823529411766,0.6387256176470587
60,60,60,MGTESGDPEEEELEEEEELVDPLETTVREQCEQLDEKCVKARERLEELCDERVSSRQSHTEEDCTEEKLFDFLHARDHMCVAHKLFNNLLK,"[13.82261828 14.2129467  14.60327513 ... 16.9452457  17.33557413
 17.72590256]",15.383931989452288,17.725902559720573,15.793477839303266,4.269794429378969,31.549450549450547,11.967032967032967,-0.052513823529411766,0.6387256176470587
61,61,61,MGTESGDPEEEELEEEEELVDPLETTVREQCEQLDEKCVKARERLEELCDERVSSRQSHTEEDCTEEKLFDFLHARDHMCVAHKLFNNLLK,"[12.91989042 13.39750952 13.87512863 ... 16.74084324 17.21846234
 17.69608144]",13.397509524216796,17.69608144200624,13.353630539425307,4.999803346881518,31.549450549450547,11.967032967032967,-0.052513823529411766,0.6387256176470587
62,62,62,MGTESGDPEEEELEEEEELVDPLETTVREQCEQLDEKCVKARERLEELCDERVSSRQSHTEEDCTEEKLFDFLHARDHMCVAHKLFNNLLK,"[12.2749638  12.81291618 13.35086857 ... 16.57858287 17.11653525
 17.65448764]",12.812916184051677,17.65448763719827,12.948841462435631,6.406389078336426,31.549450549450547,11.967032967032967,-0.052513823529411766,0.6387256176470587
63,63,63,MGTESGDPEEEELEEEEELVDPLETTVREQCEQLDEKCVKARERLEELCDERVSSRQSHTEEDCTEEKLFDFLHARDHMCVAHKLFNNLLK,"[12.11756049 12.6659513  13.21434212 ... 16.50468698 17.0530778
 17.60146861]",12.665951303538787,17.60146860740701,13.140023334651024,6.38759022662346,31.549450549450547,11.967032967032967,-0.052513823529411766,0.6387256176470587
64,64,64,MGTESGDPEEEELEEEEELVDPLETTVREQCEQLDEKCVKARERLEELCDERVSSRQSHTEEDCTEEKLFDFLHARDHMCVAHKLFNNLLK,"[12.88225322 13.36422057 13.84618793 ... 16.73799204 17.21995939
 17.70192674]",13.364220573157844,17.701926744554076,14.590999984883366,5.263172964582768,31.549450549450547,11.967032967032967,-0.052513823529411766,0.6387256176470587
65,65,65,MGTESGDPEEEELEEEEELVDPLETTVREQCEQLDEKCVKARERLEELCDERVSSRQSHTEEDCTEEKLFDFLHARDHMCVAHKLFNNLLK,"[12.28118188 12.81787096 13.35456004 ... 16.57469453 17.11138361
 17.64807269]",12.81787096348593,17.64807268966887,13.077462084113124,5.338411997718307,31.549450549450547,11.967032967032967,-0.052513823529411766,0.6387256176470587
66,66,66,MGTESGDPEEEELEEEEELVDPLETTVREQCEQLDEKCVKARERLEELCDERVSSRQSHTEEDCTEEKLFDFLHARDHMCVAHKLFNNLLK,"[12.42848042 12.9636606  13.49884077 ... 16.70992183 17.24510201
 17.78028219]",12.963660596029197,17.78028218876973,13.446393767171536,4.322550094821598,31.549450549450547,11.967032967032967,-0.052513823529411766,0.6387256176470587
67,67,67,MGTESGDPEEEELEEEEELVDPLETTVREQCEQLDEKCVKARERLEELCDERVSSRQSHTEEDCTEEKLFDFLHARDHMCVAHKLFNNLLK,"[13.18508651 13.62610345 14.06712039 ... 16.71322204 17.15423898
 17.59525593]",14.508137333216007,17.595255925259586,14.305987215799071,4.7985202594743415,31.549450549450547,11.967032967032967,-0.052513823529411766,0.6387256176470587
68,68,68,MGTESGDPEEEELEEEEELVDPLETTVREQCEQLDEKCVKARERLEELCDERVSSRQSHTEEDCTEEKLFDFLHARDHMCVAHKLFNNLLK,"[12.3551454  12.88532226 13.41549912 ... 16.59656027 17.12673713
 17.65691399]",13.41549912016438,17.656913988766608,13.269017800827838,5.381439140794572,31.549450549450547,11.967032967032967,-0.052513823529411766,0.6387256176470587
69,69,69,MGTESGDPEEEELEEEEELVDPLETTVREQCEQLDEKCVKARERLEELCDERVSSRQSHTEEDCTEEKLFDFLHARDHMCVAHKLFNNLLK,"[13.47163681 13.88397876 14.29632072 ... 16.77037244 17.18271439
 17.59505634]",14.296320715111408,17.595056343880692,14.291190680471015,5.1530789064028255,31.549450549450547,11.967032967032967,-0.052513823529411766,0.6387256176470587
70,70,70,MGTESGDPEEEELEEEEELVDPLETTVREQCEQLDEKCVKARERLEELCDERVSSRQSHTEEDCTEEKLFDFLHARDHMCVAHKLFNNLLK,"[13.52855691 13.94030033 14.35204375 ... 16.82250427 17.23424769
 17.64599111]",14.352043747904036,17.64599110584713,14.90358242803707,5.561770533829195,31.549450549450547,11.967032967032967,-0.052513823529411766,0.6387256176470587
71,71,71,MGTESGDPEEEELEEEEELVDPLETTVREQCEQLDEKCVKARERLEELCDERVSSRQSHTEEDCTEEKLFDFLHARDHMCVAHKLFNNLLK,"[13.62316591 14.02716001 14.43115411 ... 16.85511871 17.25911281
 17.66310691]",14.431154111503394,17.663106912415834,14.779511482482025,4.758127361504141,31.549450549450547,11.967032967032967,-0.052513823529411766,0.6387256176470587
72,72,72,MGTESGDPEEEELEEEEELVDPLETTVREQCEQLDEKCVKARERLEELCDERVSSRQSHTEEDCTEEKLFDFLHARDHMCVAHKLFNNLLK,"[12.35459868 12.92713902 13.49967936 ... 16.93492142 17.50746177
 18.08000211]",14.072219707135119,17.677402038731167,15.962563991152866,7.212272442043656,31.549450549450547,11.967032967032967,-0.052513823529411766,0.6387256176470587
73,73,73,MGTESGDPEEEELEEEEELVDPLETTVREQCEQLDEKCVKARERLEELCDERVSSRQSHTEEDCTEEKLFDFLHARDHMCVAHKLFNNLLK,"[12.46790289 12.98632574 13.50474859 ... 16.61528569 17.13370855
 17.6521314 ]",12.986325736549913,17.652131397322695,13.099342918063146,4.3313674092375765,31.549450549450547,11.967032967032967,-0.052513823529411766,0.6387256176470587
74,74,74,MGTESGDPEEEELEEEEELVDPLETTVREQCEQLDEKCVKARERLEELCDERVSSRQSHTEEDCTEEKLFDFLHARDHMCVAHKLFNNLLK,"[12.81605012 13.30923133 13.80241254 ... 16.76149983 17.25468104
 17.74786225]",13.309231329640971,17.74786225289095,13.553520505620124,4.345298994248535,31.549450549450547,11.967032967032967,-0.052513823529411766,0.6387256176470587
75,75,75,MGTESGDPEEEELEEEEELVDPLETTVREQCEQLDEKCVKARERLEELCDERVSSRQSHTEEDCTEEKLFDFLHARDHMCVAHKLFNNLLK,"[13.60571708 14.01039942 14.41508176 ... 16.84317583 17.24785817
 17.65254051]",16.033811138719102,17.65254051263832,16.220134932672273,3.4277301715259605,31.549450549450547,11.967032967032967,-0.052513823529411766,0.6387256176470587
76,76,76,MGTESGDPEEEELEEEEELVDPLETTVREQCEQLDEKCVKARERLEELCDERVSSRQSHTEEDCTEEKLFDFLHARDHMCVAHKLFNNLLK,"[13.12135332 13.57686936 14.0323854  ... 16.76548165 17.22099769
 17.67651374]",14.943417486604764,17.676513735169138,15.64156920320067,4.336010783794655,31.549450549450547,11.967032967032967,-0.052513823529411766,0.6387256176470587
77,77,77,MGTESGDPEEEELEEEEELVDPLETTVREQCEQLDEKCVKARERLEELCDERVSSRQSHTEEDCTEEKLFDFLHARDHMCVAHKLFNNLLK,"[13.46086138 13.88703936 14.31321734 ... 16.87028523 17.29646321
 17.72264119]",14.73939532109274,17.72264119233562,15.111127786246064,5.0049620043271625,31.549450549450547,11.967032967032967,-0.052513823529411766,0.6387256176470587
78,78,78,MGTESGDPEEEELEEEEELVDPLETTVREQCEQLDEKCVKARERLEELCDERVSSRQSHTEEDCTEEKLFDFLHARDHMCVAHKLFNNLLK,"[12.60642265 13.09855068 13.59067871 ... 16.54344688 17.03557491
 17.52770294]",13.590678707754543,17.527702938686346,13.536417946505198,4.129173047150244,31.549450549450547,11.967032967032967,-0.052513823529411766,0.6387256176470587
79,79,79,MGTESGDPEEEELEEEEELVDPLETTVREQCEQLDEKCVKARERLEELCDERVSSRQSHTEEDCTEEKLFDFLHARDHMCVAHKLFNNLLK,"[12.80339223 13.30173843 13.80008463 ... 16.79016183 17.28850803
 17.78685423]",13.301738427063253,17.786854229019088,14.84424871556047,6.723737211914253,31.549450549450547,11.967032967032967,-0.052513823529411766,0.6387256176470587
80,80,80,MGTESGDPEEEELEEEEELVDPLETTVREQCEQLDEKCVKARERLEELCDERVSSRQSHTEEDCTEEKLFDFLHARDHMCVAHKLFNNLLK,"[12.38565743 12.91520458 13.44475173 ... 16.62203463 17.15158178
 17.68112893]",12.915204584146016,17.681128926504396,13.191094608221213,7.350900023562279,31.549450549450547,11.967032967032967,-0.052513823529411766,0.6387256176470587
81,81,81,MGTESGDPEEEELEEEEELVDPLETTVREQCEQLDEKCVKARERLEELCDERVSSRQSHTEEDCTEEKLFDFLHARDHMCVAHKLFNNLLK,"[12.84186588 13.33801578 13.83416569 ... 16.81106511 17.30721501
 17.80336491]",13.834165686066699,17.803364912995285,14.867009353298585,4.9114662437153145,31.549450549450547,11.967032967032967,-0.052513823529411766,0.6387256176470587
82,82,82,MGTESGDPEEEELEEEEELVDPLETTVREQCEQLDEKCVKARERLEELCDERVSSRQSHTEEDCTEEKLFDFLHARDHMCVAHKLFNNLLK,"[12.28318719 12.81967867 13.35617015 ... 16.57511901 17.11161049
 17.64810196]",12.819678668571806,17.648101962870452,14.124893934605565,4.852703816334369,31.549450549450547,11.967032967032967,-0.052513823529411766,0.6387256176470587
83,83,83,MGTESGDPEEEELEEEEELVDPLETTVREQCEQLDEKCVKARERLEELCDERVSSRQSHTEEDCTEEKLFDFLHARDHMCVAHKLFNNLLK,"[12.3676191  12.90219489 13.43677068 ... 16.64422542 17.17880121
 17.713377  ]",12.902194888016519,17.713376996915024,12.898354175522226,4.7975466397591635,31.549450549450547,11.967032967032967,-0.052513823529411766,0.6387256176470587
84,84,84,MGTESGDPEEEELEEEEELVDPLETTVREQCEQLDEKCVKARERLEELCDERVSSRQSHTEEDCTEEKLFDFLHARDHMCVAHKLFNNLLK,"[13.43259138 13.85237531 14.27215923 ... 16.79086281 17.21064674
 17.63043067]",14.69194316401795,17.630430669153863,14.081259128405733,5.1524579179360375,31.549450549450547,11.967032967032967,-0.052513823529411766,0.6387256176470587
85,85,85,MGTESGDPEEEELEEEEELVDPLETTVREQCEQLDEKCVKARERLEELCDERVSSRQSHTEEDCTEEKLFDFLHARDHMCVAHKLFNNLLK,"[13.14594523 13.59311596 14.04028669 ... 16.72331109 17.17048182
 17.61765255]",13.593115959826456,17.61765255227827,13.269658146344641,4.283735648854432,31.549450549450547,11.967032967032967,-0.052513823529411766,0.6387256176470587
86,86,86,MGTESGDPEEEELEEEEELVDPLETTVREQCEQLDEKCVKARERLEELCDERVSSRQSHTEEDCTEEKLFDFLHARDHMCVAHKLFNNLLK,"[13.87683918 14.30247058 14.72810199 ... 17.28189044 17.70752185
 18.13315326]",14.302470584693625,17.680817624792866,14.162197757032061,6.294466684609038,31.549450549450547,11.967032967032967,-0.052513823529411766,0.6387256176470587
87,87,87,MGTESGDPEEEELEEEEELVDPLETTVREQCEQLDEKCVKARERLEELCDERVSSRQSHTEEDCTEEKLFDFLHARDHMCVAHKLFNNLLK,"[12.2633956  12.78812278 13.31284997 ... 16.46121308 16.98594027
 17.51066745]",12.788122782810634,17.51066745327963,13.567705998587654,5.106641396827665,31.549450549450547,11.967032967032967,-0.052513823529411766,0.6387256176470587
88,88,88,MGTESGDPEEEELEEEEELVDPLETTVREQCEQLDEKCVKARERLEELCDERVSSRQSHTEEDCTEEKLFDFLHARDHMCVAHKLFNNLLK,"[12.15018275 12.70208224 13.25398174 ... 16.56537873 17.11727823
 17.66917773]",12.702082243734662,17.669177730788327,13.494614531754925,5.1821754498917265,31.549450549450547,11.967032967032967,-0.052513823529411766,0.6387256176470587
89,89,89,MGTESGDPEEEELEEEEELVDPLETTVREQCEQLDEKCVKARERLEELCDERVSSRQSHTEEDCTEEKLFDFLHARDHMCVAHKLFNNLLK,"[12.67956292 13.18116249 13.68276207 ... 16.69235951 17.19395909
 17.69555866]",13.682762066770445,17.69555866014068,13.95308110091125,5.401087058927568,31.549450549450547,11.967032967032967,-0.052513823529411766,0.6387256176470587
90,90,90,MGTESGDPEEEELEEEEELVDPLETTVREQCEQLDEKCVKARERLEELCDERVSSRQSHTEEDCTEEKLFDFLHARDHMCVAHKLFNNLLK,"[12.32971607 12.86365738 13.39759869 ... 16.60124656 17.13518787
 17.66912918]",12.863657379970501,17.66912917828795,12.895755579244321,6.890056882909383,31.549450549450547,11.967032967032967,-0.052513823529411766,0.6387256176470587
91,91,91,MGTESGDPEEEELEEEEELVDPLETTVREQCEQLDEKCVKARERLEELCDERVSSRQSHTEEDCTEEKLFDFLHARDHMCVAHKLFNNLLK,"[12.8971769  13.37439565 13.8516144  ... 16.71492687 17.19214562
 17.66936437]",13.374395650170694,17.669364366439673,13.721636679185634,4.530136099601449,31.549450549450547,11.967032967032967,-0.052513823529411766,0.6387256176470587
92,92,92,MGTESGDPEEEELEEEEELVDPLETTVREQCEQLDEKCVKARERLEELCDERVSSRQSHTEEDCTEEKLFDFLHARDHMCVAHKLFNNLLK,"[12.85570699 13.33890102 13.82209505 ... 16.72125923 17.20445326
 17.68764729]",13.3389010224278,17.687647289301072,13.611606996060221,5.208582019473465,31.549450549450547,11.967032967032967,-0.052513823529411766,0.6387256176470587
93,93,93,MGTESGDPEEEELEEEEELVDPLETTVREQCEQLDEKCVKARERLEELCDERVSSRQSHTEEDCTEEKLFDFLHARDHMCVAHKLFNNLLK,"[13.0391818  13.49983574 13.96048967 ... 16.7244133  17.18506723
 17.64572117]",13.499835735934555,17.64572116946847,14.839318027577171,4.568906640090563,31.549450549450547,11.967032967032967,-0.052513823529411766,0.6387256176470587
94,94,94,MGTESGDPEEEELEEEEELVDPLETTVREQCEQLDEKCVKARERLEELCDERVSSRQSHTEEDCTEEKLFDFLHARDHMCVAHKLFNNLLK,"[12.35493563 12.88637214 13.41780865 ... 16.60642771 17.13786422
 17.66930073]",13.417808648464662,17.66930073078364,13.299798916218323,6.594140833018763,31.549450549450547,11.967032967032967,-0.052513823529411766,0.6387256176470587
95,95,95,MGTESGDPEEEELEEEEELVDPLETTVREQCEQLDEKCVKARERLEELCDERVSSRQSHTEEDCTEEKLFDFLHARDHMCVAHKLFNNLLK,"[12.67860985 13.1706955  13.66278115 ... 16.61529503 17.10738068
 17.59946632]",12.678609853948666,17.599466322359856,13.347755493271745,4.60469791582654,31.549450549450547,11.967032967032967,-0.052513823529411766,0.6387256176470587
96,96,96,MGTESGDPEEEELEEEEELVDPLETTVREQCEQLDEKCVKARERLEELCDERVSSRQSHTEEDCTEEKLFDFLHARDHMCVAHKLFNNLLK,"[12.68743358 13.1863404  13.68524722 ... 16.67868814 17.17759496
 17.67650178]",15.680874500724244,17.676501784064218,16.13626393630738,5.632600182723388,31.549450549450547,11.967032967032967,-0.052513823529411766,0.6387256176470587
97,97,97,MGTESGDPEEEELEEEEELVDPLETTVREQCEQLDEKCVKARERLEELCDERVSSRQSHTEEDCTEEKLFDFLHARDHMCVAHKLFNNLLK,"[13.48601948 13.9016249  14.31723031 ... 16.81086277 17.22646818
 17.6420736 ]",14.317230307069256,17.642073595775198,14.666943142822518,3.6933950397284447,31.549450549450547,11.967032967032967,-0.052513823529411766,0.6387256176470587
98,98,98,MGTESGDPEEEELEEEEELVDPLETTVREQCEQLDEKCVKARERLEELCDERVSSRQSHTEEDCTEEKLFDFLHARDHMCVAHKLFNNLLK,"[12.77143165 13.26757683 13.76372201 ... 16.74059308 17.23673826
 17.73288343]",13.76372200942406,17.732883434082908,13.666808201157107,3.6828041057879846,31.549450549450547,11.967032967032967,-0.052513823529411766,0.6387256176470587
